-- 기업정보 -----------------------------------
-- 옥시
insert into comp(cpno,cp_name) 
    values(500,'옥시레킷벤키저');
-- 유한
insert into comp(cpno,cp_name) 
    values(501,'유한양행');
insert into comp(cpno,cp_name) 
    values(502,'유한킴벌리');
insert into comp(cpno,cp_name) 
    values(503,'유한화학');
insert into comp(cpno,cp_name) 
    values(504,'유한메디카');
insert into comp(cpno,cp_name) 
    values(505,'유한크로락스');
insert into comp(cpno,cp_name) 
    values(506,'한국얀센');
insert into comp(cpno,cp_name) 
    values(507,'엔솔테크');
insert into comp(cpno,cp_name) 
    values(508,'유칼릭스');
insert into comp(cpno,cp_name) 
    values(509,'엠지');
-- 신세계
insert into comp(cpno,cp_name) 
    values(510,'신세계');
insert into comp(cpno,cp_name) 
    values(511,'신세계건설');
insert into comp(cpno,cp_name) 
    values(512,'이마트');
insert into comp(cpno,cp_name) 
    values(513,'신세계백화점');
insert into comp(cpno,cp_name) 
    values(514,'신세계아이앤씨');
insert into comp(cpno,cp_name) 
    values(515,'광주신세계');
insert into comp(cpno,cp_name) 
    values(516,'신세계푸드');
insert into comp(cpno,cp_name) 
    values(517,'스타벅스코리아');
insert into comp(cpno,cp_name) 
    values(518,'신세계인터네셔널');
insert into comp(cpno,cp_name) 
    values(519,'조선호텔베이커리');
insert into comp(cpno,cp_name) 
    values(520,'신세계조선호텔');
insert into comp(cpno,cp_name) 
    values(521,'신세계첼시');
-- 아모레퍼시픽
insert into comp(cpno,cp_name) 
    values(522,'아모레퍼시픽');
insert into comp(cpno,cp_name) 
    values(523,'아리따움');
insert into comp(cpno,cp_name) 
    values(524,'라네즈');
insert into comp(cpno,cp_name) 
    values(525,'마몽드');
insert into comp(cpno,cp_name) 
    values(526,'아이오페');
insert into comp(cpno,cp_name) 
    values(527,'롤리타램피카');
insert into comp(cpno,cp_name) 
    values(528,'아닉구딸');
insert into comp(cpno,cp_name) 
    values(529,'한율');
insert into comp(cpno,cp_name) 
    values(530,'헤라');
insert into comp(cpno,cp_name) 
    values(531,'설화수');
insert into comp(cpno,cp_name) 
    values(532,'리리코스');
insert into comp(cpno,cp_name) 
    values(533,'프리메라');
insert into comp(cpno,cp_name) 
    values(534,'이니스프리');
insert into comp(cpno,cp_name) 
    values(535,'베리떼');
insert into comp(cpno,cp_name) 
    values(536,'에뛰드');
insert into comp(cpno,cp_name) 
    values(537,'롤리타렘피카향수');
insert into comp(cpno,cp_name) 
    values(538,'에스쁘아');
insert into comp(cpno,cp_name) 
    values(539,'려');
insert into comp(cpno,cp_name) 
    values(540,'일리');
insert into comp(cpno,cp_name) 
    values(541,'미쟝센');
insert into comp(cpno,cp_name) 
    values(542,'해피바스');
insert into comp(cpno,cp_name) 
    values(543,'댄트롤샴푸');
insert into comp(cpno,cp_name) 
    values(544,'송염치약');
-- 피앤지
insert into comp(cpno,cp_name) 
    values(545,'피앤지');
insert into comp(cpno,cp_name) 
    values(546,'페브리즈');
insert into comp(cpno,cp_name) 
    values(547,'다우니');
insert into comp(cpno,cp_name) 
    values(548,'에리얼');
insert into comp(cpno,cp_name) 
    values(549,'팬틴');
insert into comp(cpno,cp_name) 
    values(550,'헤드앤숄더');
insert into comp(cpno,cp_name) 
    values(551,'위스퍼');
insert into comp(cpno,cp_name) 
    values(552,'브라운');
insert into comp(cpno,cp_name) 
    values(553,'질레트');
insert into comp(cpno,cp_name) 
    values(554,'듀라셀');
insert into comp(cpno,cp_name) 
    values(555,'SK2');
insert into comp(cpno,cp_name) 
    values(556,'오랄비');
insert into comp(cpno,cp_name) 
    values(557,'팸퍼스');
-- 위메프
insert into comp(cpno,cp_name) 
    values(558,'위메프');
insert into comp(cpno,cp_name) 
    values(559,'원더윅스');
insert into comp(cpno,cp_name) 
    values(560,'너브');
insert into comp(cpno,cp_name) 
    values(561,'I-Shoplog');
insert into comp(cpno,cp_name) 
    values(562,'원더홀딩스');
-- 매일유업
insert into comp(cpno,cp_name) 
    values(563,'매일유업');
insert into comp(cpno,cp_name) 
    values(564,'엠즈씨드');
insert into comp(cpno,cp_name) 
    values(565,'레뱅드매일');
insert into comp(cpno,cp_name) 
    values(566,'본만제');
insert into comp(cpno,cp_name) 
    values(567,'엠즈베버리지');
insert into comp(cpno,cp_name) 
    values(568,'엠즈푸드시스템');
insert into comp(cpno,cp_name) 
    values(569,'상하농원');
insert into comp(cpno,cp_name) 
    values(570,'코리아후드써비스');
-- 남양유업
insert into comp(cpno,cp_name) 
    values(571,'남양유업');
-- lg
insert into comp(cpno,cp_name) 
    values(572,'LG');
insert into comp(cpno,cp_name) 
    values(573,'LG디스플레이');
insert into comp(cpno,cp_name) 
    values(574,'LG이노텍');
insert into comp(cpno,cp_name) 
    values(575,'이노싱크');
insert into comp(cpno,cp_name) 
    values(576,'하이로지스틱스');
insert into comp(cpno,cp_name) 
    values(577,'씨텍');
insert into comp(cpno,cp_name) 
    values(578,'코카콜라음료');
insert into comp(cpno,cp_name) 
    values(579,'해태HTB');
insert into comp(cpno,cp_name) 
    values(580,'더페이스샵');
insert into comp(cpno,cp_name) 
    values(581,'LG-TOSTEM');
insert into comp(cpno,cp_name) 
    values(582,'LG경제연구원');
-- 몽드드
insert into comp(cpno,cp_name) 
    values(583,'몽드드');



-- 기업관계 ----------------------------------------
-- 유한
insert into com_rls(parno,chino) 
    values(501,502);
insert into com_rls(parno,chino) 
    values(501,503);
insert into com_rls(parno,chino) 
    values(501,504);
insert into com_rls(parno,chino) 
    values(501,505);
insert into com_rls(parno,chino) 
    values(501,506);
insert into com_rls(parno,chino) 
    values(501,507);
insert into com_rls(parno,chino) 
    values(501,508);
insert into com_rls(parno,chino) 
    values(501,509);
-- 신세계
insert into com_rls(parno,chino) 
    values(510,511);
insert into com_rls(parno,chino) 
    values(510,512);
insert into com_rls(parno,chino) 
    values(510,513);
insert into com_rls(parno,chino) 
    values(510,514);
insert into com_rls(parno,chino) 
    values(510,515);
insert into com_rls(parno,chino) 
    values(510,516);
insert into com_rls(parno,chino) 
    values(510,517);
insert into com_rls(parno,chino) 
    values(510,518);
insert into com_rls(parno,chino) 
    values(510,519);
insert into com_rls(parno,chino) 
    values(510,520);
insert into com_rls(parno,chino) 
    values(510,521);
-- 아모레퍼시픽
insert into com_rls(parno,chino)
    values(522,523);
insert into com_rls(parno,chino)
    values(522,524);
insert into com_rls(parno,chino)
    values(522,525);
insert into com_rls(parno,chino)
    values(522,526);
insert into com_rls(parno,chino)
    values(522,527);
insert into com_rls(parno,chino)
    values(522,528);
insert into com_rls(parno,chino)
    values(522,529);
insert into com_rls(parno,chino)
    values(522,530);
insert into com_rls(parno,chino)
    values(522,531);
insert into com_rls(parno,chino)
    values(522,532);
insert into com_rls(parno,chino)
    values(522,533);
insert into com_rls(parno,chino)
    values(522,534);
insert into com_rls(parno,chino)
    values(522,535);
insert into com_rls(parno,chino)
    values(522,536);
insert into com_rls(parno,chino)
    values(522,537);
insert into com_rls(parno,chino)
    values(522,538);
insert into com_rls(parno,chino)
    values(522,539);
insert into com_rls(parno,chino)
    values(522,540);
insert into com_rls(parno,chino)
    values(522,541);
insert into com_rls(parno,chino)
    values(522,542);
insert into com_rls(parno,chino)
    values(522,543);
insert into com_rls(parno,chino)
    values(522,544);
-- 피앤지
insert into com_rls(parno,chino)
    values(545,546);
insert into com_rls(parno,chino)
    values(545,547);
insert into com_rls(parno,chino)
    values(545,548);
insert into com_rls(parno,chino)
    values(545,549);
insert into com_rls(parno,chino)
    values(545,550);
insert into com_rls(parno,chino)
    values(545,551);
insert into com_rls(parno,chino)
    values(545,552);
insert into com_rls(parno,chino)
    values(545,553);
insert into com_rls(parno,chino)
    values(545,554);
insert into com_rls(parno,chino)
    values(545,555);
insert into com_rls(parno,chino)
    values(545,556);
insert into com_rls(parno,chino)
    values(545,557);
-- 위메프
insert into com_rls(parno,chino)
    values(558,559);
insert into com_rls(parno,chino)
    values(558,560);
insert into com_rls(parno,chino)
    values(558,561);
insert into com_rls(parno,chino)
    values(558,562);
-- 매일유업
insert into com_rls(parno,chino)
    values(563,564);
insert into com_rls(parno,chino)
    values(563,565);
insert into com_rls(parno,chino)
    values(563,566);
insert into com_rls(parno,chino)
    values(563,567);
insert into com_rls(parno,chino)
    values(563,568);
insert into com_rls(parno,chino)
    values(563,569);
insert into com_rls(parno,chino)
    values(563,570);

-- LG
insert into com_rls(parno,chino)
    values(572,573);
insert into com_rls(parno,chino)
    values(572,574);
insert into com_rls(parno,chino)
    values(572,575);
insert into com_rls(parno,chino)
    values(572,576);
insert into com_rls(parno,chino)
    values(572,577);
insert into com_rls(parno,chino)
    values(572,578);
insert into com_rls(parno,chino)
    values(572,579);
insert into com_rls(parno,chino)
    values(572,580);
insert into com_rls(parno,chino)
    values(572,581);
insert into com_rls(parno,chino)
    values(572,582);


-- 불매기업관계
insert into bot_rls(mno,cpno,reg_date)
    values(2,500,'2017-02-17');
insert into bot_rls(mno,cpno,reg_date)
    values(2,512,'2017-02-19');
insert into bot_rls(mno,cpno,reg_date)
    values(2,524,'2017-02-17');
insert into bot_rls(mno,cpno,reg_date)
    values(3,538,'2017-02-17');
insert into bot_rls(mno,cpno,reg_date)
    values(4,542,'2017-02-17');
insert into bot_rls(mno,cpno,reg_date)
    values(5,571,'2017-02-20');
insert into bot_rls(mno,cpno,reg_date)
    values(7,558,'2017-02-17');
insert into bot_rls(mno,cpno,reg_date)
    values(8,545,'2017-03-17');
insert into bot_rls(mno,cpno,reg_date)
    values(8,563,'2017-01-17');
insert into bot_rls(mno,cpno,reg_date)
    values(9,558,'2017-02-10');
insert into bot_rls(mno,cpno,reg_date)
    values(11,583,'2017-02-24');




-- 공동구매
insert into purchs(pno,cpno,title,price,st_date,en_date,dev_date,total_cnt,api_cnt) 
    values(400,500,'바른두유 플레인 진한영양 20개입',29000,'2017-02-23','2017-03-16','2017-03-18',50,50);
insert into purchs(pno,cpno,title,price,st_date,en_date,dev_date,total_cnt,api_cnt) 
    values(401,500,'나래농장 내몸에 착한 100% 홍삼액',71000,'2017-02-15','2017-03-16','2017-03-18',50,30);
insert into purchs(pno,cpno,title,price,st_date,en_date,dev_date,total_cnt,api_cnt) 
    values(402,501,'순둥이 베이직 무향 물티슈 80매',10000,'2017-02-18','2017-03-28','2017-03-30',50,30);
insert into purchs(pno,cpno,title,price,st_date,en_date,dev_date,total_cnt) 
    values(403,502,'킨도 프리미엄 기저귀 대형 48매',16000,'2017-02-24','2017-03-24','2017-03-26',50);
insert into purchs(pno,cpno,title,price,st_date,en_date,dev_date,total_cnt,api_cnt) 
    values(404,503,'락앤락 별자리 텀블러 400ml',12120,'2017-03-10','2017-03-20','2017-03-22',50,10);
insert into purchs(pno,cpno,title,price,st_date,en_date,dev_date,total_cnt,api_cnt) 
    values(405,500,'듀플렉스 초음파식 가습기',14710,'2017-03-22','2017-03-28','2017-03-30',50,15);
insert into purchs(pno,cpno,title,price,st_date,en_date,dev_date,total_cnt,api_cnt) 
    values(406,500,'삼성전자 갤럭시 노트5 32GB',799800,'2017-03-01','2017-03-16','2017-03-18',50,30);
insert into purchs(pno,cpno,title,price,st_date,en_date,dev_date,total_cnt,api_cnt) 
    values(407,501,'보솜이 프리미엄 천연코튼(밴드/팬티) 4팩',32940,'2017-02-18','2017-03-28','2017-03-30',50,30);
insert into purchs(pno,cpno,title,price,st_date,en_date,dev_date,total_cnt) 
    values(408,502,'LG생활건강 샤프란 케어 섬유 탈취제',10000,'2017-02-24','2017-03-24','2017-03-26',50);
insert into purchs(pno,cpno,title,price,st_date,en_date,dev_date,total_cnt,api_cnt) 
    values(409,503,'매일유업 요미요미 유기농 쌀과자',2450,'2017-02-20','2017-03-20','2017-03-22',50,40);


-- 공동구매사진
insert into pch_phot(ppno,pno,path) 
    values(450,400,'../images/barun.png');
insert into pch_phot(ppno,pno,path) 
    values(451,401,'../images/nare.png');
insert into pch_phot(ppno,pno,path) 
    values(452,402,'../images/sundung.png');
insert into pch_phot(ppno,pno,path) 
    values(453,403,'../images/kindoh.png');
insert into pch_phot(ppno,pno,path) 
    values(454,404,'../images/product/tum.jpg');
insert into pch_phot(ppno,pno,path) 
    values(455,405,'../images/product/ga.jpg');
insert into pch_phot(ppno,pno,path) 
    values(456,406,'../images/product/not5.jpg');
insert into pch_phot(ppno,pno,path) 
    values(457,407,'../images/product/bo.jpg');
insert into pch_phot(ppno,pno,path) 
    values(458,408,'../images/product/sha.jpg');
insert into pch_phot(ppno,pno,path) 
    values(459,409,'../images/product/ssal.jpg');



-- insert 끝.










-- 부모와 자회사 조인
/* select s.parno, p1.cp_name, s.chino, p2.cp_name
  from com_rls s
    join comp p1 on p1.cpno=s.parno
    join comp p2 on p2.cpno=s.chino;*/



